canonicalId,title,season,episode,episodeStatus,syncStatus,intendedScore,intendedRawF1,intendedFittedF1,intendedMedianResidualMs,fittedInterceptMs,fittedSlope,offsetSpreadMs,bestAlternative,bestAlternativeTitle,bestAlternativeScore
S01E01,Rose,1,1,LOW_CONFIDENCE,,-141.38,0.8906,0.6960,17899,-40319,1.024610,42352,S01E01,Rose,-141.38
S01E02,The End of the World,1,2,LOW_CONFIDENCE,,-63.90,0.9287,0.7925,12861,-8670,0.999585,-862,S01E02,The End of the World,-63.90
S01E03,The Unquiet Dead,1,3,LOW_CONFIDENCE,,-73.77,0.9367,0.7932,13232,-10623,0.989487,-21227,S06E25,The Wedding of River Song,-52.14
S01E04,Aliens of London,1,4,LOW_CONFIDENCE,,-100.49,0.8854,0.6962,14864,37185,0.991627,-17342,S01E04,Aliens of London,-100.49
S01E05,World War Three,1,5,LOW_CONFIDENCE,,-5.41,0.9322,0.7574,6452,-56376,1.018184,33111,S01E05,World War Three,-5.41
S01E06,Dalek,1,6,LOW_CONFIDENCE,,-93.44,0.9224,0.6982,14086,-19648,0.989171,-23639,S01E06,Dalek,-93.44
S01E07,The Long Game,1,7,LOW_CONFIDENCE,,-54.37,0.9365,0.7620,11568,21670,1.003356,7128,S01E07,The Long Game,-54.37
S01E08,Father's Day,1,8,LOW_CONFIDENCE,,-117.14,0.9410,0.6625,15054,3963,0.971110,-56443,S01E08,Father's Day,-117.14
S01E09,The Empty Child,1,9,LOW_CONFIDENCE,,-137.59,0.9421,0.7126,18383,-33568,1.008245,16094,S01E09,The Empty Child,-137.59
S01E10,The Doctor Dances,1,10,LOW_CONFIDENCE,,-27.90,0.9392,0.7694,9191,-22281,1.004886,9496,S01E10,The Doctor Dances,-27.90
S01E11,Boom Town,1,11,LOW_CONFIDENCE,,-140.37,0.9616,0.7276,18432,83132,0.985037,-29156,S01E11,Boom Town,-140.37
S01E12,Bad Wolf,1,12,LOW_CONFIDENCE,,-54.22,0.9624,0.8251,11448,15874,0.983252,-33362,S08E05,Listen,-43.41
S01E13,The Parting of the Ways,1,13,LOW_CONFIDENCE,,-87.18,0.9403,0.6735,13815,-43175,1.001698,3585,S01E13,The Parting of the Ways,-87.18
S01E15,The Christmas Invasion (Special),1,15,LOW_CONFIDENCE,,-160.99,0.8349,0.6602,19156,-26886,0.981924,-49587,S01E15,The Christmas Invasion (Special),-160.99
S02E01,New Earth,2,1,LOW_CONFIDENCE,,0.82,0.9495,0.7987,6900,5761,1.004029,8320,S02E01,New Earth,0.82
S02E02,Tooth and Claw,2,2,LOW_CONFIDENCE,,-168.82,0.9323,0.7253,20603,63707,0.979511,-43488,S09E12,Face the Raven,-128.69
S02E03,School Reunion,2,3,LOW_CONFIDENCE,,-63.46,0.9440,0.7040,11693,-21993,0.993420,-13765,S02E03,School Reunion,-63.46
S02E04,The Girl in the Fireplace,2,4,LOW_CONFIDENCE,,-6.23,0.9347,0.7503,6869,34462,0.991395,-17259,S02E04,The Girl in the Fireplace,-6.23
S02E05,Rise of the Cybermen,2,5,LOW_CONFIDENCE,,-153.82,0.9451,0.6862,19852,53790,1.003065,6489,S03E03,Gridlock,-28.81
S02E06,The Age of Steel,2,6,LOW_CONFIDENCE,,-79.62,0.9484,0.7374,12745,-41891,1.018947,41087,S02E06,The Age of Steel,-79.62
S02E07,The Idiot's Lantern,2,7,LOW_CONFIDENCE,,-104.36,0.9247,0.7330,15882,35072,0.997882,-4180,S02E07,The Idiot's Lantern,-104.36
S02E08,The Impossible Planet,2,8,LOW_CONFIDENCE,,5.42,0.9531,0.9190,7700,1180,0.998479,-3240,S02E08,The Impossible Planet,5.42
S02E09,The Satan Pit,2,9,LOW_CONFIDENCE,,-97.35,0.9537,0.8047,15428,-7973,0.989746,-22423,S09E11,Sleep No More,-71.25
S02E10,Love & Monsters,2,10,LOW_CONFIDENCE,,-149.42,0.9468,0.8261,20801,-34523,0.998343,-3201,S06E25,The Wedding of River Song,-58.40
S02E11,Fear Her,2,11,LOW_CONFIDENCE,,-175.19,0.9198,0.7259,21336,-69063,1.019203,37505,S05E03,The Beast Below,-66.73
S02E12,Army of Ghosts,2,12,LOW_CONFIDENCE,,-49.97,0.9442,0.7836,10812,-21603,1.014517,28658,S02E12,Army of Ghosts,-49.97
S02E13,Doomsday,2,13,LOW_CONFIDENCE,,-122.16,0.9354,0.7553,17205,-45580,0.989174,-22844,S02E13,Doomsday,-122.16
S02E14,The Runaway Bride (Special),2,14,LOW_CONFIDENCE,,-158.65,0.8051,0.7123,20358,49047,1.004631,12864,S02E14,The Runaway Bride (Special),-158.65
S03E01,Smith and Jones,3,1,LOW_CONFIDENCE,,-63.64,0.9607,0.6902,10924,16548,1.018586,39523,S03E01,Smith and Jones,-63.64
S03E02,The Shakespeare Code,3,2,LOW_CONFIDENCE,,-87.80,0.8953,0.6997,12622,4616,1.030155,61343,S03E02,The Shakespeare Code,-87.80
S03E03,Gridlock,3,3,LOW_CONFIDENCE,,-41.18,0.9474,0.7776,10300,15369,1.007822,15773,S03E03,Gridlock,-41.18
S03E04,Daleks in Manhattan,3,4,LOW_CONFIDENCE,,-105.73,0.9198,0.7478,14171,-50101,1.038596,80678,S03E04,Daleks in Manhattan,-105.73
S03E05,Evolution of the Daleks,3,5,LOW_CONFIDENCE,,-196.95,0.8450,0.7570,24021,84991,0.990975,-20118,S12E05,Fugitive of the Judoon,-106.75
S03E07,The Lazarus Experiment,3,7,LOW_CONFIDENCE,,-143.21,0.9302,0.7037,18218,14730,1.020461,39078,S01E05,World War Three,-118.65
S03E08,42,3,8,LOW_CONFIDENCE,,-157.78,0.9330,0.6623,19884,-42221,1.005056,10779,S02E09,The Satan Pit,-121.09
S03E09,Human Nature,3,9,LOW_CONFIDENCE,,-2.28,0.9413,0.8129,7098,-18772,1.007790,16464,S03E09,Human Nature,-2.28
S03E10,The Family of Blood,3,10,LOW_CONFIDENCE,,-61.43,0.9337,0.7638,11567,8238,0.983756,-32531,S03E10,The Family of Blood,-61.43
S03E11,Blink,3,11,LOW_CONFIDENCE,,-29.68,0.9474,0.7835,8662,51113,0.978328,-41254,S03E11,Blink,-29.68
S03E12,Utopia,3,12,LOW_CONFIDENCE,,-42.75,0.9397,0.7646,10216,30773,1.010245,19972,S04E09,Forest of the Dead,-25.32
S03E13,The Sound of Drums,3,13,LOW_CONFIDENCE,,-221.93,0.9521,0.7731,26633,44565,1.005746,11649,S05E09,Amy's Choice,-85.33
S03E14,Last of the Time Lords,3,14,LOW_CONFIDENCE,,-43.25,0.9407,0.7304,9996,-28711,1.007537,18280,S03E14,Last of the Time Lords,-43.25
S03E15,Time Crash (Minisode),3,15,CORRECT,FIXABLE_DRIFT,86.26,0.9737,0.9488,668,5317,0.985417,-4200,S03E15,Time Crash (Minisode),86.26
S03E16,Voyage of the Damned (Special),3,16,LOW_CONFIDENCE,,-119.62,0.9479,0.7833,17036,-5486,1.009458,30306,S03E16,Voyage of the Damned (Special),-119.62
S04E01,Partners in Crime,4,1,LOW_CONFIDENCE,,-307.92,0.9188,0.6880,32930,-1234,1.016028,37945,S11E07,Kerblam!,-201.24
S04E02,The Fires of Pompeii,4,2,LOW_CONFIDENCE,,-29.21,0.9538,0.7718,9423,-14978,0.997252,-5891,S04E02,The Fires of Pompeii,-29.21
S04E03,Planet of the Ood,4,3,LOW_CONFIDENCE,,-358.61,0.9426,0.7167,38139,77826,0.989188,-22775,S03E08,42,-90.31
S04E04,The Sontaran Stratagem,4,4,LOW_CONFIDENCE,,7.45,0.9500,0.7944,6411,-11824,0.998741,-2661,S04E04,The Sontaran Stratagem,7.45
S04E05,The Poison Sky,4,5,LOW_CONFIDENCE,,1.53,0.9475,0.8440,7188,12193,0.994942,-10533,S04E05,The Poison Sky,1.53
S04E06,The Doctor's Daughter,4,6,LOW_CONFIDENCE,,-352.94,0.9322,0.6867,37132,-73323,0.984374,-31612,S10E04,Thin Ice,-126.12
S04E07,The Unicorn and the Wasp,4,7,CORRECT,FIXABLE_DRIFT,15.80,0.9561,0.8617,5872,-6757,1.008684,17922,S04E07,The Unicorn and the Wasp,15.80
S04E08,Silence in the Library,4,8,LOW_CONFIDENCE,,-196.99,0.9431,0.8041,24209,-1470,0.985753,-29428,S08E06,Time Heist,-126.88
S04E09,Forest of the Dead,4,9,LOW_CONFIDENCE,,-148.06,0.9528,0.7482,19900,-24905,0.996924,-6183,S16E05,The Story and the Engine,-77.67
S04E10,Midnight,4,10,LOW_CONFIDENCE,,-43.77,0.9497,0.8330,11343,28524,0.998172,-3632,S04E10,Midnight,-43.77
S04E11,Turn Left,4,11,LOW_CONFIDENCE,,-144.97,0.9454,0.7885,19361,-5501,0.986716,-30435,S12E08,The Haunting of Villa Diodati,-102.95
S04E12,The Stolen Earth,4,12,LOW_CONFIDENCE,,-2.09,0.9506,0.8253,6819,20948,0.984898,-30984,S04E12,The Stolen Earth,-2.09
S04E13,Journey's End,4,13,LOW_CONFIDENCE,,-129.60,0.9387,0.7877,17936,40345,0.989349,-31802,S04E13,Journey's End,-129.60
S04E15,The Next Doctor (Special),4,15,LOW_CONFIDENCE,,-52.87,0.9401,0.7367,10589,-39,1.011390,31108,S04E15,The Next Doctor (Special),-52.87
S04E16,Planet of the Dead (Special),4,16,LOW_CONFIDENCE,,-98.91,0.8861,0.7983,15562,-17024,1.008707,20406,S04E16,Planet of the Dead (Special),-98.91
S04E17,The Waters of Mars (Special),4,17,LOW_CONFIDENCE,,-86.37,0.8888,0.7520,14046,6075,0.992747,-19290,S04E17,The Waters of Mars (Special),-86.37
S04E19,"The End of Time, Part One (Special)",4,19,LOW_CONFIDENCE,,-337.22,0.8825,0.7133,32937,152095,0.945568,-149076,S04E17,The Waters of Mars (Special),-279.89
S04E20,"The End of Time, Part Two (Special)",4,20,LOW_CONFIDENCE,,-177.68,0.8383,0.5943,19850,54469,1.018462,57952,S04E20,"The End of Time, Part Two (Special)",-177.68
S05E01,The Eleventh Hour,5,1,LOW_CONFIDENCE,,-267.45,0.8663,0.7409,27342,27028,0.952651,-132104,S02E14,The Runaway Bride (Special),-216.74
S05E02,"Meanwhile in the TARDIS, Part 1 (Minisode)",5,2,LOW_CONFIDENCE,,86.25,0.9651,0.9397,655,4086,0.988252,-1535,S06E26,"The Doctor, the Widow and the Wardrobe (Prequel)",117.96
S05E03,The Beast Below,5,3,LOW_CONFIDENCE,,-68.27,0.8841,0.7934,11318,27010,0.959370,-76478,S05E03,The Beast Below,-68.27
S05E04,Victory of the Daleks,5,4,LOW_CONFIDENCE,,-7.21,0.9381,0.8280,6667,41304,0.970825,-55758,S05E04,Victory of the Daleks,-7.21
S05E05,The Time of Angels,5,5,LOW_CONFIDENCE,,-10.63,0.9369,0.7976,7264,7541,0.981999,-33858,S05E05,The Time of Angels,-10.63
S05E06,Flesh and Stone,5,6,LOW_CONFIDENCE,,-136.82,0.9331,0.7686,17165,46660,0.958570,-80328,S10E05,Knock Knock,-135.65
S05E07,"Meanwhile in the TARDIS, Part 2 (Minisode)",5,7,LOW_CONFIDENCE,,86.62,0.9738,0.9424,674,816,1.003141,473,S06E26,"The Doctor, the Widow and the Wardrobe (Prequel)",113.13
S05E08,The Vampires of Venice,5,8,LOW_CONFIDENCE,,-306.25,0.8658,0.6702,32546,46926,0.980808,-40755,S04E02,The Fires of Pompeii,-143.24
S05E09,Amy's Choice,5,9,LOW_CONFIDENCE,,-67.02,0.9222,0.8512,13517,4303,0.996637,-6825,S05E09,Amy's Choice,-67.02
S05E10,The Hungry Earth,5,10,LOW_CONFIDENCE,,-126.22,0.8995,0.6898,16704,49388,0.981496,-33634,S05E10,The Hungry Earth,-126.22
S05E11,Cold Blood,5,11,LOW_CONFIDENCE,,-43.42,0.9657,0.7645,9713,-50781,1.020844,41808,S05E11,Cold Blood,-43.42
S05E12,Good as Gold (Minisode),5,12,LOW_CONFIDENCE,,72.95,0.8458,0.8617,1074,9612,0.964897,-4485,S06E26,"The Doctor, the Widow and the Wardrobe (Prequel)",102.27
S05E13,Vincent and the Doctor,5,13,LOW_CONFIDENCE,,-85.99,0.8987,0.7459,12567,26392,0.965482,-73333,S05E13,Vincent and the Doctor,-85.99
S05E14,The Lodger,5,14,LOW_CONFIDENCE,,-157.43,0.8963,0.7467,18222,-12993,0.943893,-103729,S05E14,The Lodger,-157.43
S05E15,The Pandorica Opens,5,15,LOW_CONFIDENCE,,-98.19,0.8950,0.6976,13626,53313,0.974058,-57904,S05E15,The Pandorica Opens,-98.19
S05E16,The Big Bang,5,16,LOW_CONFIDENCE,,-339.08,0.8941,0.6521,36281,77214,1.001805,4111,S01E05,World War Three,-291.18
S05E18,A Christmas Carol (Special),5,18,LOW_CONFIDENCE,,-82.22,0.9067,0.7626,14120,22035,1.002018,5608,S05E18,A Christmas Carol (Special),-82.22
S06E03,The Impossible Astronaut (Prequel),6,3,LOW_CONFIDENCE,,55.11,0.9381,0.6903,1072,-11267,1.159736,7023,S06E24,The Wedding of River Song (Prequel),76.52
S06E04,The Impossible Astronaut,6,4,LOW_CONFIDENCE,,-67.31,0.9391,0.7380,12013,-3408,0.986270,-26725,S09E07,The Girl Who Died,-67.21
S06E05,Day of the Moon,6,5,LOW_CONFIDENCE,,-42.87,0.9264,0.7477,10436,-8950,0.997163,-5927,S06E05,Day of the Moon,-42.87
S06E06,The Curse of the Black Spot (Prequel),6,6,LOW_CONFIDENCE,,80.83,0.9167,0.9000,751,3271,0.938378,-2890,S06E26,"The Doctor, the Widow and the Wardrobe (Prequel)",91.06
S06E07,The Curse of the Black Spot,6,7,LOW_CONFIDENCE,,-121.32,0.8911,0.6810,16363,-25808,1.013601,26633,S06E07,The Curse of the Black Spot,-121.32
S06E08,Bad Night (Minisode),6,8,LOW_CONFIDENCE,,78.32,0.9781,0.8759,812,-2345,1.007112,885,S06E26,"The Doctor, the Widow and the Wardrobe (Prequel)",106.75
S06E09,The Doctor's Wife,6,9,LOW_CONFIDENCE,,-52.58,0.9365,0.7969,10997,-14559,1.017563,35293,S06E09,The Doctor's Wife,-52.58
S06E10,Good Night (Minisode),6,10,LOW_CONFIDENCE,,87.21,0.9821,0.9821,986,286,0.999336,-126,S06E26,"The Doctor, the Widow and the Wardrobe (Prequel)",101.05
S06E11,The Rebel Flesh,6,11,LOW_CONFIDENCE,,-10.59,0.8980,0.7558,7543,438,1.004258,8254,S06E11,The Rebel Flesh,-10.59
S06E12,The Almost People,6,12,CORRECT,PASS_WITH_MINOR_OFFSET,10.91,0.9306,0.8022,5742,14538,0.990722,-19261,S06E12,The Almost People,10.91
S06E13,A Good Man Goes to War (Prequel),6,13,LOW_CONFIDENCE,,81.84,0.9244,0.9076,756,3172,0.960549,-1813,S06E26,"The Doctor, the Widow and the Wardrobe (Prequel)",94.37
S06E14,A Good Man Goes to War,6,14,LOW_CONFIDENCE,,-76.91,0.9298,0.7770,12374,35487,0.972300,-59917,S10E08,The Pyramid at the End of the World,-67.64
S06E15,Let's Kill Hitler (Prequel),6,15,LOW_CONFIDENCE,,65.82,0.9139,0.8477,1557,-5231,1.100790,5741,S06E26,"The Doctor, the Widow and the Wardrobe (Prequel)",92.67
S06E16,Let's Kill Hitler,6,16,LOW_CONFIDENCE,,-70.93,0.9263,0.7242,12873,33078,1.000530,1101,S06E16,Let's Kill Hitler,-70.93
S06E17,Night Terrors,6,17,LOW_CONFIDENCE,,-340.75,0.8767,0.6067,35998,52287,1.002655,5043,S07E09,The Angels Take Manhattan,-110.59
S06E18,First Night (Minisode),6,18,LOW_CONFIDENCE,,75.20,0.9427,0.8535,781,-7729,1.073234,5158,S06E26,"The Doctor, the Widow and the Wardrobe (Prequel)",91.39
S06E19,Last Night (Minisode),6,19,LOW_CONFIDENCE,,52.61,0.9351,0.8636,3000,3703,0.989427,-1491,S06E26,"The Doctor, the Widow and the Wardrobe (Prequel)",101.74
S06E20,The Girl Who Waited,6,20,LOW_CONFIDENCE,,-22.49,0.9330,0.7113,8291,-12591,0.997431,-5218,S06E20,The Girl Who Waited,-22.49
S06E21,The God Complex,6,21,LOW_CONFIDENCE,,-303.29,0.9084,0.6775,32628,-70046,1.013977,29789,S16E06,The Interstellar Song Contest,-117.45
S06E22,Up All Night (Minisode),6,22,LOW_CONFIDENCE,,63.56,0.9474,0.8421,1856,-1017,1.001557,112,S06E24,The Wedding of River Song (Prequel),92.91
S06E23,Closing Time,6,23,LOW_CONFIDENCE,,-175.43,0.9389,0.8171,20971,22967,0.958245,-84435,S12E03,Orphan 55,-60.68
S06E25,The Wedding of River Song,6,25,LOW_CONFIDENCE,,-103.28,0.9376,0.8007,15580,45912,0.981989,-35825,S01E03,The Unquiet Dead,-43.22
S06E26,"The Doctor, the Widow and the Wardrobe (Prequel)",6,26,CORRECT,PASS_WITH_MINOR_OFFSET,76.60,0.8868,0.9245,1386,2243,1.043017,1591,S06E26,"The Doctor, the Widow and the Wardrobe (Prequel)",76.60
S06E27,"The Doctor, the Widow and the Wardrobe (Special)",6,27,LOW_CONFIDENCE,,-120.46,0.8813,0.6926,16972,-46501,1.001542,4003,S06E27,"The Doctor, the Widow and the Wardrobe (Special)",-120.46
S07E02,Asylum of the Daleks (Prequel),7,2,LOW_CONFIDENCE,,70.45,0.9146,0.8171,828,-6170,1.086409,7224,S06E26,"The Doctor, the Widow and the Wardrobe (Prequel)",88.01
S07E03,Asylum of the Daleks,7,3,LOW_CONFIDENCE,,-31.60,0.8924,0.7969,9971,-3546,0.999162,-1773,S07E03,Asylum of the Daleks,-31.60
S07E04,The Inforarium (Minisode),7,4,LOW_CONFIDENCE,,77.93,0.9579,0.9368,1394,260,1.012767,931,S06E26,"The Doctor, the Widow and the Wardrobe (Prequel)",100.65
S07E05,Dinosaurs on a Spaceship,7,5,LOW_CONFIDENCE,,-113.55,0.9264,0.8077,16792,-4933,1.013398,27100,S15E04,Boom,-48.96
S07E06,The Making of the Gunslinger (Prequel),7,6,LOW_CONFIDENCE,,39.96,0.9355,0.6452,2097,2330,1.080088,4411,S06E26,"The Doctor, the Widow and the Wardrobe (Prequel)",57.65
S07E07,A Town Called Mercy,7,7,LOW_CONFIDENCE,,-116.51,0.9052,0.6912,16527,16412,0.996523,-6994,S07E07,A Town Called Mercy,-116.51
S07E08,The Power of Three,7,8,LOW_CONFIDENCE,,-66.55,0.9349,0.7942,12642,25915,0.989876,-19240,S07E08,The Power of Three,-66.55
S07E09,The Angels Take Manhattan,7,9,LOW_CONFIDENCE,,-18.89,0.8714,0.6872,7467,-1624,0.991219,-16252,S07E09,The Angels Take Manhattan,-18.89
S07E11,The Battle of Demon's Run: Two Days Later (Prequel),7,11,LOW_CONFIDENCE,,79.84,0.9288,0.9695,1178,16895,0.886415,-14082,S06E26,"The Doctor, the Widow and the Wardrobe (Prequel)",113.78
S07E13,Vastra Investigates (Prequel),7,13,LOW_CONFIDENCE,,80.34,0.9251,0.9515,1191,5563,0.947148,-5549,S06E26,"The Doctor, the Widow and the Wardrobe (Prequel)",103.00
S07E14,The Snowmen (Special),7,14,LOW_CONFIDENCE,,6.21,0.9811,0.7735,5853,-13269,1.008391,21337,S07E14,The Snowmen (Special),6.21
S07E15,The Bells of Saint John (Prequel),7,15,LOW_CONFIDENCE,,72.75,0.9163,0.8370,963,4001,1.009180,868,S06E26,"The Doctor, the Widow and the Wardrobe (Prequel)",101.92
S07E16,The Bells of Saint John,7,16,LOW_CONFIDENCE,,-84.67,0.8979,0.6824,12173,74361,0.969423,-61782,S07E16,The Bells of Saint John,-84.67
S07E17,The Rings of Akhaten,7,17,LOW_CONFIDENCE,,-119.48,0.8789,0.6732,16564,-20143,0.994956,-9638,S05E03,The Beast Below,-112.83
S07E18,Rain Gods (Minisode),7,18,LOW_CONFIDENCE,,81.48,0.9412,0.9412,1076,3918,0.962198,-2407,S06E26,"The Doctor, the Widow and the Wardrobe (Prequel)",101.74
S07E19,Cold War,7,19,LOW_CONFIDENCE,,-32.73,0.9173,0.7200,9187,9606,1.005140,9278,S07E19,Cold War,-32.73
S07E20,Hide,7,20,LOW_CONFIDENCE,,-92.42,0.8921,0.7683,14711,-11847,1.009593,20254,S07E20,Hide,-92.42
S07E21,Journey to the Centre of the TARDIS,7,21,LOW_CONFIDENCE,,-85.36,0.8951,0.7260,13375,9254,0.983938,-32707,S07E21,Journey to the Centre of the TARDIS,-85.36
S07E22,Clara and the TARDIS (Minisode),7,22,LOW_CONFIDENCE,,60.06,0.8639,0.7929,1722,7027,0.995356,-354,S06E26,"The Doctor, the Widow and the Wardrobe (Prequel)",97.69
S07E23,The Crimson Horror,7,23,LOW_CONFIDENCE,,-66.02,0.9021,0.7456,11959,20665,0.986873,-26958,S07E23,The Crimson Horror,-66.02
S07E24,Nightmare in Silver,7,24,LOW_CONFIDENCE,,-150.63,0.9339,0.7880,20615,-31754,0.999354,-1310,S07E05,Dinosaurs on a Spaceship,-51.68
S07E27,The Name of the Doctor,7,27,LOW_CONFIDENCE,,-178.17,0.8548,0.7926,21556,51802,0.968156,-62737,S04E07,The Unicorn and the Wasp,-45.35
S07E28,The Night of the Doctor (Minisode),7,28,LOW_CONFIDENCE,,71.33,0.8253,0.8934,1288,-590,1.049295,12934,S06E26,"The Doctor, the Widow and the Wardrobe (Prequel)",96.00
S07E29,The Last Day (Minisode),7,29,LOW_CONFIDENCE,,68.07,0.8674,0.8840,1661,-2703,1.041897,6559,S06E26,"The Doctor, the Widow and the Wardrobe (Prequel)",103.54
S07E30,The Day of the Doctor (Special),7,30,LOW_CONFIDENCE,,-136.65,0.8353,0.7441,18481,-44562,1.005732,20008,S07E30,The Day of the Doctor (Special),-136.65
S07E31,The Time of the Doctor (Special),7,31,LOW_CONFIDENCE,,3.04,0.9717,0.7685,6628,13938,1.000208,572,S07E31,The Time of the Doctor (Special),3.04
S08E02,Deep Breath,8,2,LOW_CONFIDENCE,,-209.11,0.9343,0.6968,24721,24221,1.004196,14403,S08E02,Deep Breath,-209.11
S08E03,Into the Dalek,8,3,CORRECT,PASS_WITH_MINOR_OFFSET,16.10,0.9549,0.7962,5560,-5416,0.997029,-6091,S08E03,Into the Dalek,16.10
S08E04,Robot of Sherwood,8,4,LOW_CONFIDENCE,,-29.93,0.9383,0.8391,10048,1251,0.996134,-7695,S08E04,Robot of Sherwood,-29.93
S08E05,Listen,8,5,LOW_CONFIDENCE,,-37.22,0.8652,0.7400,9874,-12199,0.997451,-5277,S08E05,Listen,-37.22
S08E06,Time Heist,8,6,LOW_CONFIDENCE,,-43.90,0.9175,0.7189,9702,28268,0.986800,-27979,S08E06,Time Heist,-43.90
S08E07,The Caretaker,8,7,CORRECT,FIXABLE_DRIFT,31.86,0.9429,0.8635,4796,6280,0.997936,-4207,S08E07,The Caretaker,31.86
S08E08,Kill the Moon,8,8,LOW_CONFIDENCE,,1.35,0.9350,0.8279,7048,11228,0.994660,-10924,S08E08,Kill the Moon,1.35
S08E09,Mummy on the Orient Express,8,9,LOW_CONFIDENCE,,-28.36,0.9362,0.7979,9483,-27373,1.004815,9769,S08E09,Mummy on the Orient Express,-28.36
S08E10,Flatline,8,10,CORRECT,FIXABLE_DRIFT,16.99,0.9232,0.8350,5773,4970,0.995561,-8305,S08E10,Flatline,16.99
S08E11,In the Forest of the Night,8,11,LOW_CONFIDENCE,,-95.43,0.8818,0.8166,14948,7307,0.979681,-38504,S08E11,In the Forest of the Night,-95.43
S08E12,Dark Water,8,12,LOW_CONFIDENCE,,-137.14,0.9353,0.7067,18271,45750,0.991937,-16787,S04E10,Midnight,-94.58
S08E13,Death in Heaven,8,13,LOW_CONFIDENCE,,-300.89,0.9210,0.6817,31575,-58769,1.025491,63803,S14E03,Wild Blue Yonder (Special),-197.69
S08E14,Last Christmas (Special),8,14,LOW_CONFIDENCE,,-69.91,0.9037,0.7357,12668,38712,1.003722,9552,S08E14,Last Christmas (Special),-69.91
S09E03,The Magician's Apprentice,9,3,LOW_CONFIDENCE,,-68.91,0.9528,0.6863,12084,-31094,1.005849,11431,S09E03,The Magician's Apprentice,-68.91
S09E04,The Witch's Familiar,9,4,LOW_CONFIDENCE,,-11.50,0.9143,0.8299,7559,53293,0.983615,-36748,S09E04,The Witch's Familiar,-11.50
S09E05,Under the Lake,9,5,LOW_CONFIDENCE,,-16.78,0.9333,0.7558,8241,14962,1.001441,2791,S09E05,Under the Lake,-16.78
S09E06,Before the Flood,9,6,LOW_CONFIDENCE,,-205.23,0.8916,0.6448,23272,11163,1.019406,39011,S09E06,Before the Flood,-205.23
S09E07,The Girl Who Died,9,7,LOW_CONFIDENCE,,-26.80,0.9225,0.7470,7953,-38097,1.023030,45933,S09E07,The Girl Who Died,-26.80
S09E08,The Woman Who Lived,9,8,LOW_CONFIDENCE,,-278.71,0.9267,0.7378,30985,-66245,0.986175,-28753,S03E02,The Shakespeare Code,-145.00
S09E09,The Zygon Invasion,9,9,LOW_CONFIDENCE,,-101.70,0.8892,0.6371,14818,-19661,0.998664,-2677,S09E09,The Zygon Invasion,-101.70
S09E10,The Zygon Inversion,9,10,LOW_CONFIDENCE,,-37.40,0.9092,0.6853,8894,-50596,1.013196,24898,S09E10,The Zygon Inversion,-37.40
S09E11,Sleep No More,9,11,LOW_CONFIDENCE,,-54.17,0.9161,0.8318,11840,4768,0.990252,-20277,S09E11,Sleep No More,-54.17
S09E12,Face the Raven,9,12,LOW_CONFIDENCE,,-172.62,0.9174,0.7676,21559,-33825,1.017764,34390,S09E10,The Zygon Inversion,-103.58
S09E13,Heaven Sent,9,13,LOW_CONFIDENCE,,-380.90,0.8367,0.4489,37121,35271,1.019277,46664,S10E08,The Pyramid at the End of the World,-268.54
S09E14,Hell Bent,9,14,LOW_CONFIDENCE,,-142.79,0.9214,0.6918,16586,-119864,1.041666,96864,S09E14,Hell Bent,-142.79
S09E15,The Husbands of River Song (Special),9,15,LOW_CONFIDENCE,,-21.81,0.9168,0.8410,8628,12799,0.985611,-35148,S09E15,The Husbands of River Song (Special),-21.81
S09E16,The Return of Doctor Mysterio (Special),9,16,LOW_CONFIDENCE,,-82.34,0.9105,0.8219,14160,17133,0.990640,-25170,S09E16,The Return of Doctor Mysterio (Special),-82.34
S10E02,The Pilot,10,2,LOW_CONFIDENCE,,-253.16,0.9143,0.6311,27641,-81990,1.013827,32036,S10E08,The Pyramid at the End of the World,-192.72
S10E03,Smile,10,3,LOW_CONFIDENCE,,-135.77,0.9382,0.7732,18976,31037,0.996346,-7886,S10E03,Smile,-135.77
S10E04,Thin Ice,10,4,LOW_CONFIDENCE,,-188.97,0.8722,0.7462,22473,-60200,1.024129,48619,S08E08,Kill the Moon,-114.43
S10E05,Knock Knock,10,5,LOW_CONFIDENCE,,-66.30,0.8693,0.6756,11964,-20779,1.001680,3230,S16E07,Wish World,-58.01
S10E06,Oxygen,10,6,LOW_CONFIDENCE,,-113.79,0.9276,0.7883,16137,15705,0.976525,-46618,S08E06,Time Heist,-100.24
S10E07,Extremis,10,7,LOW_CONFIDENCE,,-152.00,0.9099,0.7194,18979,67468,0.979396,-45684,S16E05,The Story and the Engine,-118.81
S10E08,The Pyramid at the End of the World,10,8,LOW_CONFIDENCE,,-171.64,0.9204,0.7246,21946,-28229,0.999582,-901,S01E04,Aliens of London,-154.06
S10E09,The Lie of the Land,10,9,LOW_CONFIDENCE,,-214.19,0.9203,0.7256,25291,10911,1.010483,20086,S05E06,Flesh and Stone,-133.04
S10E10,Empress of Mars,10,10,LOW_CONFIDENCE,,-125.59,0.9164,0.6939,16631,-61476,1.018292,35647,S10E10,Empress of Mars,-125.59
S10E11,The Eaters of Light,10,11,LOW_CONFIDENCE,,-16.17,0.9440,0.8358,8569,10285,0.991471,-15931,S10E11,The Eaters of Light,-16.17
S10E12,World Enough and Time,10,12,LOW_CONFIDENCE,,-172.28,0.9279,0.7814,21990,27486,0.989061,-21321,S05E14,The Lodger,-148.76
S10E13,The Doctor Falls,10,13,LOW_CONFIDENCE,,-423.61,0.9155,0.5963,41006,33154,1.039471,96667,S02E13,Doomsday,-284.51
S10E14,Twice Upon a Time (Special),10,14,LOW_CONFIDENCE,,-240.80,0.9098,0.7182,26673,26080,1.021580,56900,S04E16,Planet of the Dead (Special),-146.61
S11E01,The Woman Who Fell to Earth,11,1,LOW_CONFIDENCE,,-115.82,0.8975,0.7847,17182,-4895,1.004222,11855,S11E01,The Woman Who Fell to Earth,-115.82
S11E02,The Ghost Monument,11,2,LOW_CONFIDENCE,,-27.15,0.9419,0.7904,9186,28673,0.993398,-14438,S11E02,The Ghost Monument,-27.15
S11E03,Rosa,11,3,LOW_CONFIDENCE,,-61.62,0.9340,0.7562,11618,12378,1.013338,28510,S11E03,Rosa,-61.62
S11E04,Arachnids in the UK,11,4,LOW_CONFIDENCE,,-158.69,0.8331,0.7869,21169,-28967,1.003546,7585,S06E14,A Good Man Goes to War,-152.03
S11E05,The Tsuranga Conundrum,11,5,LOW_CONFIDENCE,,-23.17,0.9522,0.8337,9440,7591,1.002540,5765,S11E05,The Tsuranga Conundrum,-23.17
S11E06,Demons of the Punjab,11,6,CORRECT,FIXABLE_DRIFT,32.33,0.9385,0.8382,4558,-5501,1.001408,2991,S11E06,Demons of the Punjab,32.33
S11E07,Kerblam!,11,7,LOW_CONFIDENCE,,-93.55,0.8785,0.8603,15205,-12887,1.017001,37223,S08E03,Into the Dalek,-48.83
S11E08,The Witchfinders,11,8,LOW_CONFIDENCE,,-18.17,0.8904,0.8722,8925,24298,1.010865,21778,S11E08,The Witchfinders,-18.17
S11E09,It Takes You Away,11,9,LOW_CONFIDENCE,,-96.27,0.9313,0.8127,15503,-18458,1.008942,18459,S11E09,It Takes You Away,-96.27
S11E10,The Battle of Ranskoor Av Kolos,11,10,LOW_CONFIDENCE,,-97.45,0.9201,0.7602,15407,16698,1.003650,7976,S10E07,Extremis,-78.07
S11E11,Resolution (Special),11,11,LOW_CONFIDENCE,,-44.74,0.8731,0.7234,10001,43824,0.992554,-20838,S11E11,Resolution (Special),-44.74
S12E01,"Spyfall, Part 1",12,1,LOW_CONFIDENCE,,-20.19,0.8508,0.7675,7940,-12405,1.011864,30527,S12E01,"Spyfall, Part 1",-20.19
S12E02,"Spyfall, Part 2",12,2,LOW_CONFIDENCE,,-27.06,0.8850,0.8293,9391,18657,0.992725,-19748,S12E02,"Spyfall, Part 2",-27.06
S12E03,Orphan 55,12,3,LOW_CONFIDENCE,,-59.69,0.8570,0.8090,12184,31619,1.008858,18235,S09E11,Sleep No More,-42.82
S12E04,Nikola Tesla's Night of Terror,12,4,CORRECT,PASS_WITH_MINOR_OFFSET,19.04,0.8786,0.8191,5192,2252,1.008208,18137,S12E04,Nikola Tesla's Night of Terror,19.04
S12E05,Fugitive of the Judoon,12,5,LOW_CONFIDENCE,,-4.80,0.9097,0.8747,8055,-5750,1.004355,9694,S12E05,Fugitive of the Judoon,-4.80
S12E06,Praxeus,12,6,LOW_CONFIDENCE,,-13.51,0.9295,0.7486,7309,-37482,1.011474,25059,S12E06,Praxeus,-13.51
S12E07,Can You Hear Me?,12,7,LOW_CONFIDENCE,,-76.06,0.8939,0.7293,12575,-59718,1.014699,32441,S12E07,Can You Hear Me?,-76.06
S12E08,The Haunting of Villa Diodati,12,8,LOW_CONFIDENCE,,-2.88,0.9181,0.7588,6965,-15439,0.997877,-4788,S12E08,The Haunting of Villa Diodati,-2.88
S12E09,Ascension of the Cybermen,12,9,LOW_CONFIDENCE,,9.13,0.8910,0.7847,6196,-4280,1.000841,1754,S12E09,Ascension of the Cybermen,9.13
S12E10,The Timeless Children,12,10,CORRECT,PASS_WITH_MINOR_OFFSET,16.56,0.8680,0.7995,5627,-4248,1.001011,3043,S12E10,The Timeless Children,16.56
S12E11,Revolution of the Daleks (Special),12,11,CORRECT,PASS_WITH_MINOR_OFFSET,43.27,0.9780,0.8095,2934,22784,0.994070,-17783,S12E11,Revolution of the Daleks (Special),43.27
S13E01,The Halloween Apocalypse,13,1,LOW_CONFIDENCE,,11.64,0.9787,0.7607,5608,-1753,0.996734,-7399,S13E01,The Halloween Apocalypse,11.64
S13E02,War of the Sontarans,13,2,CORRECT,PASS_WITH_MINOR_OFFSET,53.49,0.9980,0.8033,2393,4731,0.999657,-919,S13E02,War of the Sontarans,53.49
S13E03,"Once, Upon Time",13,3,CORRECT,PASS_WITH_MINOR_OFFSET,84.86,0.9993,0.8902,322,2863,0.999064,-2049,S13E03,"Once, Upon Time",84.86
S13E04,Village of the Angels,13,4,CORRECT,PASS_WITH_MINOR_OFFSET,82.33,0.9993,0.8649,316,3014,0.999105,-2273,S13E04,Village of the Angels,82.33
S13E05,Survivors of the Flux,13,5,CORRECT,FIXABLE_DRIFT,83.44,0.9998,0.8921,448,3623,0.998785,-2765,S13E05,Survivors of the Flux,83.44
S13E06,The Vanquishers,13,6,CORRECT,FIXABLE_DRIFT,84.02,0.9992,0.8932,397,3758,0.998813,-3100,S13E06,The Vanquishers,84.02
S13E07,Eve of the Daleks (Special),13,7,CORRECT,PASS_WITH_MINOR_OFFSET,82.36,0.9988,0.8816,459,3414,0.999032,-2459,S13E07,Eve of the Daleks (Special),82.36
S13E08,Legend of the Sea Devils (Special),13,8,CORRECT,FIXABLE_DRIFT,74.29,0.9994,0.8467,848,4625,0.998299,-3331,S13E08,Legend of the Sea Devils (Special),74.29
S13E09,The Power of the Doctor (Special),13,9,CORRECT,PASS_WITH_MINOR_OFFSET,84.58,0.9996,0.8886,331,2977,0.999443,-2087,S13E09,The Power of the Doctor (Special),84.58
S14E02,The Star Beast (Special),14,2,LOW_CONFIDENCE,,-68.36,0.9321,0.7859,12363,43428,0.987054,-33523,S14E02,The Star Beast (Special),-68.36
S14E03,Wild Blue Yonder (Special),14,3,CORRECT,PASS_WITH_MINOR_OFFSET,46.59,0.9819,0.8191,2849,6326,0.994639,-12815,S14E03,Wild Blue Yonder (Special),46.59
S14E04,The Giggle (Special),14,4,LOW_CONFIDENCE,,-224.12,0.9257,0.7612,26847,30914,0.997533,-6791,S05E18,A Christmas Carol (Special),-203.20
S15E01,The Church on Ruby Road (Special),15,1,LOW_CONFIDENCE,,-97.49,0.9091,0.7505,15383,27120,0.997493,-5658,S15E01,The Church on Ruby Road (Special),-97.49
S15E02,Space Babies,15,2,CORRECT,PASS_WITH_MINOR_OFFSET,41.59,0.9748,0.8065,3032,15635,0.990757,-18802,S15E02,Space Babies,41.59
S15E03,The Devil's Chord,15,3,LOW_CONFIDENCE,,-35.29,0.9605,0.7038,8929,-7752,0.989744,-22617,S15E03,The Devil's Chord,-35.29
S15E04,Boom,15,4,CORRECT,FIXABLE_DRIFT,37.16,0.9837,0.8243,3646,2629,0.991733,-16647,S15E04,Boom,37.16
S15E05,73 Yards,15,5,CORRECT,FIXABLE_DRIFT,36.16,0.9741,0.8378,4159,-1456,0.997575,-4919,S15E05,73 Yards,36.16
S15E06,Dot and Bubble,15,6,CORRECT,FIXABLE_DRIFT,51.90,0.9830,0.8737,3060,13413,0.997122,-5109,S15E06,Dot and Bubble,51.90
S15E07,Rogue,15,7,CORRECT,PASS_WITH_MINOR_OFFSET,37.46,0.9815,0.7868,3251,13881,0.990735,-17869,S15E07,Rogue,37.46
S15E08,The Legend of Ruby Sunday,15,8,CORRECT,PASS_WITH_MINOR_OFFSET,39.37,0.9786,0.8180,2864,20729,0.981892,-37143,S15E08,The Legend of Ruby Sunday,39.37
S15E09,Empire of Death,15,9,LOW_CONFIDENCE,,37.89,0.9765,0.7428,2750,18109,0.991312,-20402,S15E09,Empire of Death,37.89
S15E11,Joy to the World (Special),15,11,LOW_CONFIDENCE,,-49.25,0.9121,0.7206,10183,13335,1.013192,28604,S15E11,Joy to the World (Special),-49.25
S16E01,The Robot Revolution,16,1,LOW_CONFIDENCE,,-21.95,0.9340,0.7771,8626,-1669,1.006726,13332,S16E01,The Robot Revolution,-21.95
S16E02,Lux,16,2,LOW_CONFIDENCE,,-8.18,0.9552,0.7651,7602,21781,1.000413,758,S16E02,Lux,-8.18
S16E03,The Well,16,3,LOW_CONFIDENCE,,-72.50,0.9624,0.6980,12364,7551,1.008113,17220,S16E03,The Well,-72.50
S16E04,Lucky Day,16,4,LOW_CONFIDENCE,,-40.16,0.9200,0.7642,10002,-3317,1.010052,19060,S16E04,Lucky Day,-40.16
S16E05,The Story and the Engine,16,5,LOW_CONFIDENCE,,-36.56,0.9416,0.7692,9803,-5664,1.008089,15963,S16E05,The Story and the Engine,-36.56
S16E06,The Interstellar Song Contest,16,6,LOW_CONFIDENCE,,-195.63,0.9197,0.7540,23486,-26858,1.016219,35232,S08E05,Listen,-182.86
S16E07,Wish World,16,7,LOW_CONFIDENCE,,-62.13,0.9385,0.7768,12228,-37702,1.007242,13788,S06E09,The Doctor's Wife,-52.07
S16E08,The Reality War,16,8,LOW_CONFIDENCE,,-177.39,0.9287,0.7846,22150,-3031,1.011329,34100,S16E08,The Reality War,-177.39
